{
  "baseline_choice": "minimize T4_full (MHA)",
  "baseline": {
    "R": 49,
    "d": 138,
    "D": 137,
    "odd": {
      "1": {
        "full": 7.706399332254178e-31,
        "same": 4.858032680589994e-31,
        "cross": 2.4636272552376086e-31
      },
      "3": {
        "full": 7.557237453662795e-31,
        "same": 5.284975063624011e-31,
        "cross": 1.290791743162141e-31
      },
      "5": {
        "full": 2.0608455237957885e-30,
        "same": 1.9039129365592264e-30,
        "cross": 9.016701583113807e-32
      }
    },
    "even": {
      "4": {
        "full": 1.2526224011646299,
        "same": 4.461935437722664,
        "cross": 1.8332866630570543
      },
      "6": {
        "full": 35.67896648212199,
        "same": 25.831029376102332,
        "cross": 2.1690423281668045
      },
      "8": {
        "full": 7.485759086986352,
        "same": 16.7080585595148,
        "cross": 22.347097081015825
      }
    },
    "odd_cross": {},
    "even_cross": {},
    "A_odd_over_even_full": 8.076144493787165e-32,
    "A_odd_over_even_cross": 1.7670552458888396e-32,
    "stress_noNB": {
      "1": {
        "full": 3.8845361512638898e-31,
        "same": 3.348653122245186e-31,
        "cross": 2.4636272552376086e-31
      },
      "3": {
        "full": 3.7220340677044554e-31,
        "same": 2.7067410206812727e-31,
        "cross": 1.290791743162141e-31
      },
      "5": {
        "full": 3.2042101209179044e-31,
        "same": 1.5779860152337604e-31,
        "cross": 9.016701583113807e-32
      },
      "4": {
        "full": 1.2526224011646299,
        "same": 4.461935437722664,
        "cross": 1.8332866630570543
      },
      "6": {
        "full": 35.678966482122,
        "same": 25.831029376102336,
        "cross": 2.1690423281668045
      },
      "8": {
        "full": 7.485759086986352,
        "same": 16.708058559514786,
        "cross": 22.347097081015825
      }
    }
  },
  "other_pair": {
    "R": 288,
    "d": 138,
    "D": 137,
    "odd": {
      "1": {
        "full": 1.5583396980741614e-30,
        "same": 1.2645711838902949e-30,
        "cross": 3.9246823702948528e-31
      },
      "3": {
        "full": 4.7722869300224935e-31,
        "same": 3.0841674657248116e-31,
        "cross": 1.7180969825624915e-31
      },
      "5": {
        "full": 4.1935031136918595e-31,
        "same": 3.0341491112271028e-31,
        "cross": 1.061829376005496e-31
      }
    },
    "even": {
      "4": {
        "full": 15.57886829733421,
        "same": 26.13714833440893,
        "cross": 10.39157255964397
      },
      "6": {
        "full": 0.07749522473308183,
        "same": 3.068697930816003,
        "cross": 3.7511167677078743
      },
      "8": {
        "full": 12.791819815764198,
        "same": 8.754062978430863,
        "cross": 4.5852789642131135
      }
    },
    "odd_cross": {},
    "even_cross": {},
    "A_odd_over_even_full": 8.629439262580087e-32,
    "A_odd_over_even_cross": 3.5799979071315404e-32,
    "stress_noNB": {
      "1": {
        "full": 1.5344079251130364e-30,
        "same": 1.1104995795421341e-30,
        "cross": 3.9246823702948528e-31
      },
      "3": {
        "full": 4.917879776073139e-31,
        "same": 3.7761382633896627e-31,
        "cross": 1.7180969825624915e-31
      },
      "5": {
        "full": 3.5216579786580473e-31,
        "same": 2.587107451151186e-31,
        "cross": 1.061829376005496e-31
      },
      "4": {
        "full": 15.578868297334216,
        "same": 26.13714833440893,
        "cross": 10.39157255964397
      },
      "6": {
        "full": 0.07749522473308193,
        "same": 3.068697930816004,
        "cross": 3.7511167677078743
      },
      "8": {
        "full": 12.791819815764198,
        "same": 8.754062978430861,
        "cross": 4.5852789642131135
      }
    }
  },
  "definitions": {
    "Tl": "NB row-sum variance of Legendre P_l; same/cross/full shell masks",
    "A_odd_even": "(T1+T3+T5)/(T4+T6+T8)",
    "A_odd_even_cross": "(T1_cross+T3_cross+T5_cross)/(T4_cross+T6_cross+T8_cross)",
    "NB": "exclude antipode t=-s in row sums"
  },
  "notes": [
    "No parameters; same two-shell geometry and NB rule.",
    "Exports include NB stress test (NB off) for transparency."
  ]
}