{
  "baseline_choice": "minimize T4_full (MHA)",
  "baseline": {
    "R": 49,
    "d": 138,
    "D": 137,
    "T4_full": 1.2526224011646299,
    "T4_same": 4.461935437722664,
    "T4_cross": 1.8332866630570543,
    "T6_full": 35.67896648212199,
    "T6_same": 25.831029376102332,
    "T6_cross": 2.1690423281668045,
    "T8_full": 7.485759086986352,
    "T8_same": 16.7080585595148,
    "T8_cross": 22.347097081015825,
    "C1_f4_cross": 0.29121874235858747,
    "C2_f6_on_4": 0.9660826290164976,
    "C3_f6_on_4_cross": 0.5419450357336917,
    "C4_f8_on_468": 0.16853232867474027,
    "C5_f8_on_468_cross": 0.8481056482880857
  },
  "pair_49_50": {
    "R": 49,
    "d": 138,
    "D": 137,
    "T4_full": 1.2526224011646299,
    "T4_same": 4.461935437722664,
    "T4_cross": 1.8332866630570543,
    "T6_full": 35.67896648212199,
    "T6_same": 25.831029376102332,
    "T6_cross": 2.1690423281668045,
    "T8_full": 7.485759086986352,
    "T8_same": 16.7080585595148,
    "T8_cross": 22.347097081015825,
    "C1_f4_cross": 0.29121874235858747,
    "C2_f6_on_4": 0.9660826290164976,
    "C3_f6_on_4_cross": 0.5419450357336917,
    "C4_f8_on_468": 0.16853232867474027,
    "C5_f8_on_468_cross": 0.8481056482880857
  },
  "pair_288_289": {
    "R": 288,
    "d": 138,
    "D": 137,
    "T4_full": 15.57886829733421,
    "T4_same": 26.13714833440893,
    "T4_cross": 10.39157255964397,
    "T6_full": 0.07749522473308183,
    "T6_same": 3.068697930816003,
    "T6_cross": 3.7511167677078743,
    "T8_full": 12.791819815764198,
    "T8_same": 8.754062978430863,
    "T8_cross": 4.5852789642131135,
    "C1_f4_cross": 0.28447677075207367,
    "C2_f6_on_4": 0.004949758903071843,
    "C3_f6_on_4_cross": 0.2652336257187836,
    "C4_f8_on_468": 0.4496533105069364,
    "C5_f8_on_468_cross": 0.24483589959292676
  },
  "definitions": {
    "C1": "T4_cross/(T4_same+T4_cross)",
    "C2": "T6_full /(T4_full+T6_full)",
    "C3": "T6_cross/(T4_cross+T6_cross)",
    "C4": "T8_full /(T4_full+T6_full+T8_full)",
    "C5": "T8_cross/(T4_cross+T6_cross+T8_cross)"
  },
  "notes": [
    "Same two-shell object and NB-variance functional; no parameters.",
    "C4 and C5 extend the even-spectrum constants to l=8."
  ]
}