{
  "meta": {
    "timestamp_utc": "2025-09-30T00:07:19+00:00"
  },
  "gate": {
    "r1": 49,
    "r2": 50,
    "D": 137
  },
  "targets": {
    "Delta_alpha": 5.025013486770067e-07,
    "Delta_c": 6.884268476874993e-05,
    "F_ratio": 1.0000000036669294,
    "lnF_true": 3.6669294744617024e-09
  },
  "units": {
    "U1": 2.9792939073439594e-06,
    "U2": 2.1746670856525252e-08,
    "U3": 1.587348237702573e-10,
    "U4": 1.1586483486880095e-12
  },
  "identities": {
    "Delta_c_id": "23*U1 + 15*U2 - 46*U3 - 18*U4",
    "lnF_id": "23*U3 + 14*U4"
  },
  "values": {
    "Delta_c_id": 6.884263727419524e-05,
    "lnF_id": 3.6671220235975503e-09,
    "abs_err_Delta_c": 4.74945546839987e-11,
    "abs_err_lnF": 1.925491358477271e-13,
    "rel_err_Delta_c": 6.89899803349304e-07,
    "rel_err_lnF": 5.2509637065215964e-05
  },
  "patch_factors": {
    "exact": 1.0000000036669294,
    "identity_based": 1.000000003667122
  }
}